job,converted
student,28.678038379530918
retired,22.791519434628977
unemployed,15.502686108979278
management,13.755550856417848
admin.,12.202668729452718
self-employed,11.842938568714375
unknown,11.805555555555555
technician,11.056996182703699
services,8.883004333172845
housemaid,8.790322580645162
entrepreneur,8.271687962340282
blue-collar,7.274969173859433
