poutcome,converted
success,64.72534745201854
other,16.684782608695652
failure,12.609671495613139
unknown,9.161503287426607
